INSERT INTO patient(id, name, cpf, date, address, phone) VALUES (1, 'Kiara', '55503128087', '1980-10-01', 'Rua Santos, 105', '48998874780');
INSERT INTO patient(id, name, cpf, date, address, phone) VALUES (2, 'Dylan', '90877836043', '1965-11-15', 'Rua Salvador, 754', '48998877896');
INSERT INTO patient(id, name, cpf, date, address, phone) VALUES (3, 'Danna', '23730542052', '1974-09-03', 'Rua Peixoto, 1105', '48998872563');
INSERT INTO patient(id, name, cpf, date, address, phone) VALUES (4, 'Arlet', '47950713062', '1999-02-08', 'Rua Saraiva, 1305', '48998878956');
INSERT INTO patient(id, name, cpf, date, address, phone) VALUES (5, 'Saori', '55955933000', '2000-10-19', 'Rua Quinze, 1005', '48998871122');
INSERT INTO patient(id, name, cpf, date, address, phone) VALUES (6, 'Keyla', '73866685033', '2001-03-01', 'Rua Setembro, 9036', '48998873344');
INSERT INTO patient(id, name, cpf, date, address, phone) VALUES (7, 'Karen', '77102020040', '1993-12-25', 'Rua Tiradentes, 1108', '48998878899');
INSERT INTO patient(id, name, cpf, date, address, phone) VALUES (8, 'Mario', '45832973003', '2010-05-03', 'Rua Amazonas, 1258', '48998876633');
INSERT INTO patient(id, name, cpf, date, address, phone) VALUES (9, 'Naomi', '10479323003', '1990-07-09', 'Rua Rui, 1478', '48998879475');
INSERT INTO patient(id, name, cpf, date, address, phone) VALUES (10, 'Erick', '10479323003', '1963-06-15', 'Rua Castro, 1358', '48998878272');
INSERT INTO patient(id, name, cpf, date, address, phone) VALUES (11, 'Frida', '07962078014', '2012-12-18', 'Rua Santos Dumont, 168', '48998873692');
INSERT INTO patient(id, name, cpf, date, address, phone) VALUES (12, 'Adair', '79510848085', '1999-04-11', 'Rua Treze, 1036', '48998874455');
INSERT INTO patient(id, name, cpf, date, address, phone) VALUES (13, 'Derek', '64226367090', '1990-07-09', 'Rua Rio, 1458', '48998873300');
INSERT INTO patient(id, name, cpf, date, address, phone) VALUES (14, 'Chloe', '99130809088', '1963-06-15', 'Rua Ceara, 8960', '48998875500');
INSERT INTO patient(id, name, cpf, date, address, phone) VALUES (15, 'Sandy', '43522922069', '2012-12-18', 'Rua Horizonte, 036', '4899880011');
INSERT INTO patient(id, name, cpf, date, address, phone) VALUES (16, 'Eliel', '38511045015', '1999-04-11', 'Rua Treze, 896', '48998878833');
INSERT INTO patient(id, name, cpf, date, address, phone) VALUES (17, 'Katia', '42146911050', '1990-07-09', 'Rua Rui, 147', '48998870201');
INSERT INTO patient(id, name, cpf, date, address, phone) VALUES (18, 'Lucas', '90486851095', '1963-06-15', 'Rua Alves, 9853', '48998870903');
INSERT INTO patient(id, name, cpf, date, address, phone) VALUES (19, 'Bruno', '30747190011', '2012-12-18', 'Rua Dumont, 325', '48998873060');
INSERT INTO patient(id, name, cpf, date, address, phone) VALUES (20, 'Sofia', '33849628000', '1999-04-11', 'Rua Melo, 155', '48998879911');
INSERT INTO patient(id, name, cpf, date, address, phone) VALUES (21, 'Mateo', '47585203055', '1985-04-17', 'Rua das Flores, 1456', '48998870077');
INSERT INTO patient(id, name, cpf, date, address, phone) VALUES (22, 'Keira', '58791559006', '2001-05-10', 'Rua Sergipe, 1789', '48998879112');
INSERT INTO patient(id, name, cpf, date, address, phone) VALUES (23, 'Aline', '80181829061', '1996-10-19', 'Rua Paz, 1023', '48998870055');
INSERT INTO patient(id, name, cpf, date, address, phone) VALUES (24, 'Carla', '63419054084', '2010-11-21', 'Rua Pernambuco, 2563', '48998879966');
INSERT INTO patient(id, name, cpf, date, address, phone) VALUES (25, 'Jacob', '89135897023', '2005-12-02', 'Rua Santa Maria, 4568', '48998876666');
INSERT INTO patient(id, name, cpf, date, address, phone) VALUES (26, 'Tiana', '20119501040', '1993-07-16', 'Rua Pará, 102', '48998879999');
INSERT INTO patient(id, name, cpf, date, address, phone) VALUES (27, 'Maria', '05724639017', '1997-02-13', 'Rua Mato Grosso, 325', '48998878888');
INSERT INTO patient(id, name, cpf, date, address, phone) VALUES (28, 'Irene', '91259563022', '1988-09-11', 'Rua Alagoas, 365', '48998872222');
INSERT INTO patient(id, name, cpf, date, address, phone) VALUES (29, 'Julia', '99586445097', '1975-10-01', 'Rua Boa Vista, 666', '48998874444');
INSERT INTO patient(id, name, cpf, date, address, phone) VALUES (30, 'Padme', '00553014013', '1968-12-03', 'Rua Santa Rita, 789', '48998875555');
INSERT INTO patient(id, name, cpf, date, address, phone) VALUES (31, 'Raisa', '03833004010', '2002-11-17', 'Rua Maranhão, 4563', '48998874789');
INSERT INTO patient(id, name, cpf, date, address, phone) VALUES (32, 'Laila', '12033353001', '2006-08-16', 'Rua São Luiz, 256', '48998876598');
INSERT INTO patient(id, name, cpf, date, address, phone) VALUES (33, 'Jamal', '54196039006', '1978-05-18', 'Rua Vitoria, 456', '48998878390');
INSERT INTO patient(id, name, cpf, date, address, phone) VALUES (34, 'David', '07003006006', '1989-06-19', 'Rua Belo, 7823', '48998874623');
INSERT INTO patient(id, name, cpf, date, address, phone) VALUES (35, 'Deise', '74485143422', '1988-03-23', 'Rua Beija Flor, 4523', '48998875663');

INSERT INTO doctor(id, name, crm, specialty, period, office, phone) VALUES (1, 'Diego', 1234, 'Cardiologista', 0, 0, '48998877665');
INSERT INTO doctor(id, name, crm, specialty, period, office, phone) VALUES (2, 'Pablo', 1245, 'Pediatra', 0, 1, '48998877889');
INSERT INTO doctor(id, name, crm, specialty, period, office, phone) VALUES (3, 'Maria', 1258, 'Clínico Geral', 0, 2, '48998877995');
INSERT INTO doctor(id, name, crm, specialty, period, office, phone) VALUES (4, 'Pedro', 1244, 'Oftalmologista', 0, 3, '48998877332');
INSERT INTO doctor(id, name, crm, specialty, period, office, phone) VALUES (5, 'Fabio', 1233, 'Ortopedista', 0, 4, '48998877789');
INSERT INTO doctor(id, name, crm, specialty, period, office, phone) VALUES (6, 'Laura', 1212, 'Cardiologista', 1, 0, '48998877112');
INSERT INTO doctor(id, name, crm, specialty, period, office, phone) VALUES (7, 'Luana', 1287, 'Pediatra', 1, 1, '48998877213');
INSERT INTO doctor(id, name, crm, specialty, period, office, phone) VALUES (8, 'Lucas', 1239, 'Clínico Geral', 1, 2, '48998877654');
INSERT INTO doctor(id, name, crm, specialty, period, office, phone) VALUES (9, 'Sofia', 1240, 'Oftalmologista', 1, 3, '48998877789');
INSERT INTO doctor(id, name, crm, specialty, period, office, phone) VALUES (10, 'Paulo', 1250, 'Ortopedista', 1, 4, '48998877102');

INSERT INTO appointment(date, time, id_doctor, id_patient) VALUES ('2021-12-01', '08:00:00', 1, 12);
INSERT INTO appointment(date, time, id_doctor, id_patient) VALUES ('2021-12-01', '09:00:00', 2, 10);
INSERT INTO appointment(date, time, id_doctor, id_patient) VALUES ('2021-12-01', '10:00:00', 3, 1);
INSERT INTO appointment(date, time, id_doctor, id_patient) VALUES ('2021-12-01', '11:00:00', 4, 2);
INSERT INTO appointment(date, time, id_doctor, id_patient) VALUES ('2021-12-01', '12:00:00', 5, 3);
INSERT INTO appointment(date, time, id_doctor, id_patient) VALUES ('2021-12-01', '13:00:00', 6, 16);
INSERT INTO appointment(date, time, id_doctor, id_patient) VALUES ('2021-12-01', '14:00:00', 7, 9);
INSERT INTO appointment(date, time, id_doctor, id_patient) VALUES ('2021-12-01', '15:00:00', 8, 8);
INSERT INTO appointment(date, time, id_doctor, id_patient) VALUES ('2021-12-01', '16:00:00', 9, 11);
INSERT INTO appointment(date, time, id_doctor, id_patient) VALUES ('2021-12-01', '17:00:00', 10, 13);
INSERT INTO appointment(date, time, id_doctor, id_patient) VALUES ('2021-12-02', '08:00:00', 1, 14);
INSERT INTO appointment(date, time, id_doctor, id_patient) VALUES ('2021-12-02', '09:00:00', 2, 5);
INSERT INTO appointment(date, time, id_doctor, id_patient) VALUES ('2021-12-02', '10:00:00', 3, 6);
INSERT INTO appointment(date, time, id_doctor, id_patient) VALUES ('2021-12-02', '11:00:00', 4, 19);
INSERT INTO appointment(date, time, id_doctor, id_patient) VALUES ('2021-12-02', '12:00:00', 5, 23);
INSERT INTO appointment(date, time, id_doctor, id_patient) VALUES ('2021-12-02', '13:00:00', 6, 35);
INSERT INTO appointment(date, time, id_doctor, id_patient) VALUES ('2021-12-02', '14:00:00', 7, 33);
INSERT INTO appointment(date, time, id_doctor, id_patient) VALUES ('2021-12-02', '15:00:00', 8, 28);
INSERT INTO appointment(date, time, id_doctor, id_patient) VALUES ('2021-12-02', '16:00:00', 9, 31);
INSERT INTO appointment(date, time, id_doctor, id_patient) VALUES ('2021-12-02', '17:00:00', 10, 27);
